,Week 1,Week 2,Week 3,Week 4,Week 5,Week 6,Week 7,Week 8,Week 9,Week 10,Week 11,Week 12,Week 13,Week 14,Week 15,Week 16,Week 17,Week 18,WIld Card,Division,Championship,Super Bowl
Arizona Cardinals,https://www.reddit.com/r/AZCardinals/comments/1fc6uck/post_game_thread_arizona_cardinals_at_buffalo/,https://www.reddit.com/r/AZCardinals/comments/1fhpgws/post_game_thread_los_angeles_rams_at_arizona/,https://www.reddit.com/r/AZCardinals/comments/1fn6okp/post_game_thread_detroit_lions_at_arizona/,https://www.reddit.com/r/AZCardinals/comments/1fsh3us/post_game_thread_washington_commanders_at_arizona/,https://www.reddit.com/r/AZCardinals/comments/1fxtjpm/post_game_thread_arizona_cardinals_at_san/,https://www.reddit.com/r/AZCardinals/comments/1g2yjag/post_game_thread_arizona_cardinals_at_green_bay/,https://www.reddit.com/r/AZCardinals/comments/1g995cs/post_game_thread_los_angeles_chargers_at_arizona/,https://www.reddit.com/r/AZCardinals/comments/1gdjya4/post_game_thread_arizona_cardinals_at_miami/,https://www.reddit.com/r/AZCardinals/comments/1gj181d/post_game_thread_chicago_bears_at_arizona/,https://www.reddit.com/r/AZCardinals/comments/1gof0er/post_game_thread_new_york_jets_at_arizona/,,https://www.reddit.com/r/AZCardinals/comments/1gz5xlb/post_game_thread_arizona_cardinals_at_seattle/,https://www.reddit.com/r/AZCardinals/comments/1h4dhru/post_game_thread_arizona_cardinals_at_minnesota/,https://www.reddit.com/r/AZCardinals/comments/1h9wqew/post_game_thread_seattle_seahawks_at_arizona/,https://www.reddit.com/r/AZCardinals/comments/1hf6bxw/post_game_thread_new_england_patriots_at_arizona/,https://www.reddit.com/r/AZCardinals/comments/1hk885j/post_game_thread_arizona_cardinals_at_carolina/,https://www.reddit.com/r/AZCardinals/comments/1hontbx/post_game_thread_arizona_cardinals_at_los_angeles/,https://www.reddit.com/r/AZCardinals/comments/1hum8b1/post_game_thread_san_francisco_49ers_at_arizona/,,,,
Atlanta Falcons,https://www.reddit.com/r/falcons/comments/1fc6riv/post_game_thread_pittsburgh_steelers_at_atlanta/,https://www.reddit.com/r/falcons/comments/1fiofb5/post_game_thread_atlanta_falcons_at_philadelphia/,https://www.reddit.com/r/falcons/comments/1fnb8wg/post_game_thread_kansas_city_chiefs_at_atlanta/,https://www.reddit.com/r/falcons/comments/1fsddm1/post_game_thread_new_orleans_saints_at_atlanta/,https://www.reddit.com/r/falcons/comments/1fvq2sy/post_game_thread_tampa_bay_buccaneers_at_atlanta/,https://www.reddit.com/r/falcons/comments/1g32qjv/post_game_thread_atlanta_falcons_at_carolina/,https://www.reddit.com/r/falcons/comments/1g87jlh/post_game_thread_seattle_seahawks_at_atlanta/,https://www.reddit.com/r/falcons/comments/1gdjx3a/post_game_thread_atlanta_falcons_at_tampa_bay/,https://www.reddit.com/r/falcons/comments/1gix8eo/post_game_thread_dallas_cowboys_at_atlanta_falcons/,https://www.reddit.com/r/falcons/comments/1goas9a/post_game_thread_atlanta_falcons_at_new_orleans/,https://www.reddit.com/r/falcons/comments/1gtrh73/post_game_thread_atlanta_falcons_at_denver_broncos/,,https://www.reddit.com/r/falcons/comments/1h4d3tq/post_game_thread_los_angeles_chargers_at_atlanta/,https://www.reddit.com/r/falcons/comments/1h9swky/post_game_thread_atlanta_falcons_at_minnesota/,https://www.reddit.com/r/falcons/comments/1hg2ok6/post_game_thread_atlanta_falcons_at_las_vegas/,https://www.reddit.com/r/falcons/comments/1hk7l0y/post_game_thread_new_york_giants_at_atlanta/,https://www.reddit.com/r/falcons/comments/1hpf6ga/post_game_thread_atlanta_falcons_at_washington/,https://www.reddit.com/r/falcons/comments/1huhs7b/post_game_thread_carolina_panthers_at_atlanta/,,,,
Baltimore Ravens,https://www.reddit.com/r/ravens/comments/1fa626d/postgame_thread_ravens_lose_2720/,https://www.reddit.com/r/ravens/comments/1fhm8vn/post_game_thread_las_vegas_raiders_at_baltimore/,https://www.reddit.com/r/ravens/comments/1fn6zng/post_game_thread_baltimore_ravens_at_dallas/,https://www.reddit.com/r/ravens/comments/1fsm65i/post_game_thread_buffalo_bills_at_baltimore_ravens/,https://www.reddit.com/r/ravens/comments/1fxq40x/post_game_thread_baltimore_ravens_at_cincinnati/,https://www.reddit.com/r/ravens/comments/1g2yfvh/post_game_thread_washington_commanders_at/,https://www.reddit.com/r/ravens/comments/1g98r07/post_game_thread_baltimore_ravens_at_tampa_bay/,https://www.reddit.com/r/ravens/comments/1gdk72e/post_game_thread_baltimore_ravens_at_cleveland/,https://www.reddit.com/r/ravens/comments/1gix53l/post_game_thread_denver_broncos_at_baltimore/,https://www.reddit.com/r/ravens/comments/1gmai49/post_game_thread_cincinnati_bengals_at_baltimore/,https://www.reddit.com/r/ravens/comments/1gto1hb/post_game_thread_baltimore_ravens_at_pittsburgh/,https://www.reddit.com/r/ravens/comments/1h03aog/post_game_thread_baltimore_ravens_at_los_angeles/,https://www.reddit.com/r/ravens/comments/1h4i5g8/post_game_thread_philadelphia_eagles_at_baltimore/,,https://www.reddit.com/r/ravens/comments/1hf28yj/post_game_thread_baltimore_ravens_at_new_york/,https://www.reddit.com/r/ravens/comments/1hjn57g/post_game_thread_pittsburgh_steelers_at_baltimore/,https://www.reddit.com/r/ravens/comments/1hmcujt/post_game_thread_baltimore_ravens_at_houston/,https://www.reddit.com/r/ravens/comments/1htt6vb/post_game_thread_cleveland_browns_at_baltimore/,https://www.reddit.com/r/ravens/comments/1hzeaah/post_game_thread_pittsburgh_steelers_at_baltimore/,https://www.reddit.com/r/ravens/comments/1i5g2n8/post_game_thread_baltimore_ravens_at_buffalo_bills/,,
Buffalo Bills,https://www.reddit.com/r/buffalobills/comments/1fc2c11/gdt_buffalo_bills_vs_arizona_cardinals/,https://www.reddit.com/r/buffalobills/comments/1ffkvbh/official_post_game_thread_buffalo_beats_miami/,https://www.reddit.com/r/buffalobills/comments/1fo2zcz/post_game_thread_bills_pelt_the_jaguars/,https://www.reddit.com/r/buffalobills/comments/1fsm6op/post_game_thread_bills_at_ravens/,https://www.reddit.com/r/buffalobills/comments/1fxkzpz/game_thread_buffalo_bills_houston_texans/,https://www.reddit.com/r/buffalobills/comments/1g3upwy/gdt_buffalo_bills_at_new_jersey_jetes/,https://www.reddit.com/r/buffalobills/comments/1g87y0m/postgame_thread_bills_beat_titans/,https://www.reddit.com/r/buffalobills/comments/1gdnukz/postgame_thread_buffalo_bills_win_in_seattle/,https://www.reddit.com/r/buffalobills/comments/1gix7a6/post_game_thread_buffalo_bills_have_defeated_the/,https://www.reddit.com/r/buffalobills/comments/1goay8b/postgame_thread_bills_beat_the_colts_3020/,https://www.reddit.com/r/buffalobills/comments/1gts4hy/post_game_thread_bills_beat_the_chiefs/,,https://www.reddit.com/r/buffalobills/comments/1h4mikr/postgame_thread_buffalo_bills_clinch_the_afc_east/,https://www.reddit.com/r/buffalobills/comments/1h9xiz4/postgame_bills_lose_too_much_talent_the_rams/,https://www.reddit.com/r/buffalobills/comments/1hf76pf/post_game_thread_bills_win_in_detroit/,https://www.reddit.com/r/buffalobills/comments/1hkbxmw/postgame_thread_bills_defeat_patriots/,https://www.reddit.com/r/buffalobills/comments/1hp619c/postgame_thread_the_buffalo_bills_have_defeated/,https://www.reddit.com/r/buffalobills/comments/1huhatk/post_game_thread_bills_at_patriots/,https://www.reddit.com/r/buffalobills/comments/1hzwvgo/post_game_thread_bills_win_317_and_advance_to_the/,https://www.reddit.com/r/buffalobills/comments/1i5g1xs/post_game_thread_your_buffalo_bills_defeat_the/,https://www.reddit.com/r/buffalobills/comments/1iaxvrt/post_game_thread_bills_lose_in_afc_championship/,
Carolina Panthers,https://www.reddit.com/r/panthers/comments/1fc74dy/post_game_thread_carolina_panthers_at_new_orleans/,https://www.reddit.com/r/panthers/comments/1fhlese/post_game_thread_los_angeles_chargers_at_carolina/,https://www.reddit.com/r/panthers/comments/1fn6jiq/post_game_thread_carolina_panthers_at_las_vegas/,https://www.reddit.com/r/panthers/comments/1fsdp13/post_game_thread_cincinnati_bengals_at_carolina/,https://www.reddit.com/r/panthers/comments/1fxpmkn/post_game_thread_carolina_panthers_at_chicago/,https://www.reddit.com/r/panthers/comments/1g32qaa/post_game_thread_atlanta_falcons_at_carolina/,https://www.reddit.com/r/panthers/comments/1g8b831/post_game_thread_carolina_panthers_at_washington/,https://www.reddit.com/r/panthers/comments/1gdocgm/post_game_thread_carolina_panthers_at_denver/,https://www.reddit.com/r/panthers/comments/1gixcog/post_game_thread_new_orleans_saints_at_carolina/,https://www.reddit.com/r/panthers/comments/1go6bck/post_game_thread_new_york_giants_at_carolina/,,https://www.reddit.com/r/panthers/comments/1gz1r49/post_game_thread_kansas_city_chiefs_at_carolina/,https://www.reddit.com/r/panthers/comments/1h4ih2h/post_game_thread_tampa_bay_buccaneers_at_carolina/,https://www.reddit.com/r/panthers/comments/1h9snf6/post_game_thread_carolina_panthers_at/,https://www.reddit.com/r/panthers/comments/1hf2kjx/post_game_thread_dallas_cowboys_at_carolina/,https://www.reddit.com/r/panthers/comments/1hk8807/post_game_thread_arizona_cardinals_at_carolina/,https://www.reddit.com/r/panthers/comments/1hp5nhk/post_game_thread_carolina_panthers_at_tampa_bay/,https://www.reddit.com/r/panthers/comments/1huhryz/post_game_thread_carolina_panthers_at_atlanta/,,,,
Chicago Bears,https://www.reddit.com/r/CHIBears/comments/1fc6u6h/week_1_postgamethread_bears_vs_titans/,https://www.reddit.com/r/CHIBears/comments/1fhvh2s/week_2_postgamethread_bears_at_texans/,https://www.reddit.com/r/CHIBears/comments/1fn2l3q/week_3_postgamethread_bears_at_colts/,https://www.reddit.com/r/CHIBears/comments/1fsd7wn/week_4_postgamethread_bears_vs_rams/,https://www.reddit.com/r/CHIBears/comments/1fxpnqu/week_5_postgamethread_bears_vs_panthers/,https://www.reddit.com/r/CHIBears/comments/1g2te8f/week_6_postgamethread_bears_vs_jags/,,https://www.reddit.com/r/CHIBears/comments/1gdoi6h/week_8_postgamethread_bears_at_commanders/,https://www.reddit.com/r/CHIBears/comments/1gj125z/week_9_postgamethread_bears_at_cardinals/,https://www.reddit.com/r/CHIBears/comments/1goapr7/week_10_postgamethread_bears_vs_patriots/,https://www.reddit.com/r/CHIBears/comments/1gtnhkr/week_11_postgamethread_bears_vs_packers/,https://www.reddit.com/r/CHIBears/comments/1gz2a3t/week_12_postgamethread_bears_vs_vikings/,https://www.reddit.com/r/CHIBears/comments/1h25lo3/week_13_postgamethread_bears_at_lions/,https://www.reddit.com/r/CHIBears/comments/1h9wzse/week_14_postgamethread_bears_at_49ers/,https://www.reddit.com/r/CHIBears/comments/1hg2d01/week_15_postgamethread_bears_at_vikings/,https://www.reddit.com/r/CHIBears/comments/1hk7o7d/week_16_postgamethread_bears_vs_lions/,https://www.reddit.com/r/CHIBears/comments/1hn6b0u/week_17_postgamethread_bears_vs_seahawks/,https://www.reddit.com/r/CHIBears/comments/1huh8p9/week_18_postgamethread_bears_at_packers/,,,,
Cincinnati Bengals,https://www.reddit.com/r/bengals/comments/1fc6llg/post_game_thread_new_england_patriots_at/,https://www.reddit.com/r/bengals/comments/1fhqe5p/post_game_thread_cincinnati_bengals_at_kansas/,https://www.reddit.com/r/bengals/comments/1fo2sdz/post_game_thread_washington_commanders_at/,https://www.reddit.com/r/bengals/comments/1fsdopz/post_game_thread_cincinnati_bengals_at_carolina/,https://www.reddit.com/r/bengals/comments/1fxq4jm/post_game_thread_baltimore_ravens_at_cincinnati/,https://www.reddit.com/r/bengals/comments/1g36uww/post_game_thread_cincinnati_bengals_at_new_york/,https://www.reddit.com/r/bengals/comments/1g884x4/post_game_thread_cincinnati_bengals_at_cleveland/,https://www.reddit.com/r/bengals/comments/1gdjozv/post_game_thread_philadelphia_eagles_at/,https://www.reddit.com/r/bengals/comments/1gixgqv/post_game_thread_las_vegas_raiders_at_cincinnati/,https://www.reddit.com/r/bengals/comments/1gmahxl/post_game_thread_cincinnati_bengals_at_baltimore/,https://www.reddit.com/r/bengals/comments/1gtx318/post_game_thread_cincinnati_bengals_at_los/,,https://www.reddit.com/r/bengals/comments/1h4dy6l/post_game_thread_pittsburgh_steelers_at/,https://www.reddit.com/r/bengals/comments/1hatgus/post_game_thread_cincinnati_bengals_at_dallas/,https://www.reddit.com/r/bengals/comments/1hf2oji/post_game_thread_cincinnati_bengals_at_tennessee/,https://www.reddit.com/r/bengals/comments/1hk7h1e/post_game_thread_cleveland_browns_at_cincinnati/,https://www.reddit.com/r/bengals/comments/1hok8rh/post_game_thread_denver_broncos_at_cincinnati/,https://www.reddit.com/r/bengals/comments/1htx8oo/post_game_thread_cincinnati_bengals_at_pittsburgh/,,,,
Cleveland Browns,https://www.reddit.com/r/Browns/comments/1fcbrf4/post_game_thread/,https://www.reddit.com/r/Browns/comments/1fhm27b/post_game_thread_browns_18_jags_13/,https://www.reddit.com/r/Browns/comments/1fn2chb/post_game_thread_browns_15_vs_giants_21/,https://www.reddit.com/r/Browns/comments/1fshk0p/post_game_thread_browns_16_raiders_20/,https://www.reddit.com/r/Browns/comments/1fxppb5/post_game_thread_browns_did_not_win_again/,https://www.reddit.com/r/Browns/comments/1g2y9aj/post_game_thread_browns_lose_2016_to_eagles/,https://www.reddit.com/r/Browns/comments/1g886ff/post_game_thread_browns_14_vs_bengals_21/,https://www.reddit.com/r/Browns/comments/1gdk748/post_game_thread_the_jameis_winston_experience/,https://www.reddit.com/r/Browns/comments/1gix5fc/post_game_thread_the_jameis_winston_experience/,,https://www.reddit.com/r/Browns/comments/1gtnlsp/post_game_thread_browns_14_saints_35/,https://www.reddit.com/r/Browns/comments/1gwzewj/post_game_thread_tnf_edition_browns_24_vs/,https://www.reddit.com/r/Browns/comments/1h5fi3s/post_game_thread_browns_32_broncos_41/,https://www.reddit.com/r/Browns/comments/1h9t0wq/post_game_thread_eliminated_from_playoffs_browns/,https://www.reddit.com/r/Browns/comments/1hf2iu6/post_game_thread_browns_7_vs_chiefs_21/,https://www.reddit.com/r/Browns/comments/1hk7g75/post_game_thread_browns_6_bengals_24/,https://www.reddit.com/r/Browns/comments/1hpa05v/post_game_thread_browns3_vs_dolphins20/,https://www.reddit.com/r/Browns/comments/1htt7np/post_game_thread_browns_end_202425_season_314/,,,,
Dallas Cowboys,https://www.reddit.com/r/cowboys/comments/1fcbs0t/postgame_thread_dallas_cowboys_at_cleveland/,https://www.reddit.com/r/cowboys/comments/1fhlmbq/postgame_thread_dallas_cowboys_vs_new_orleans/,https://www.reddit.com/r/cowboys/comments/1fn700o/postgame_thread_dallas_cowboys_vs_baltimore/,https://www.reddit.com/r/cowboys/comments/1fqeiyu/postgame_thread_dallas_cowboys_at_new_york_giants/,https://www.reddit.com/r/cowboys/comments/1fy0260/postgame_thread_dallas_cowboys_at_pittsburgh/,https://www.reddit.com/r/cowboys/comments/1g32y7d/postgame_thread_dallas_cowboys_vs_detroit_lions/,,https://www.reddit.com/r/cowboys/comments/1gdt2q0/postgame_thread_dallas_cowboys_at_san_francisco/,https://www.reddit.com/r/cowboys/comments/1gix8vh/postgame_thread_dallas_cowboys_at_atlanta_falcons/,https://www.reddit.com/r/cowboys/comments/1gofbf9/postgame_thread_dallas_cowboys_vs_philadelphia/,https://www.reddit.com/r/cowboys/comments/1gup3vl/postgame_thread_dallas_cowboys_vs_houston_texans/,https://www.reddit.com/r/cowboys/comments/1gz22ui/postgame_thread_dallas_cowboys_at_washington/,https://www.reddit.com/r/cowboys/comments/1h2ab1r/postgame_thread_dallas_cowboys_vs_new_york_giants/,https://www.reddit.com/r/cowboys/comments/1hatgmm/postgame_thread_dallas_cowboys_vs_cincinnati/,https://www.reddit.com/r/cowboys/comments/1hf2lg0/postgame_thread_dallas_cowboys_at_carolina/,https://www.reddit.com/r/cowboys/comments/1hkg7of/postgame_thread_dallas_cowboys_vs_tampa_bay/,https://www.reddit.com/r/cowboys/comments/1hp5sul/postgame_thread_dallas_cowboys_at_philadelphia/,https://www.reddit.com/r/cowboys/comments/1huhe1d/postgame_thread_dallas_cowboys_vs_washington/,,,,
Denver Broncos,https://www.reddit.com/r/DenverBroncos/comments/1fcbbp9/post_game_thread_denver_broncos_01_seattle/,https://www.reddit.com/r/DenverBroncos/comments/1fhq9x7/post_game_thread_week_2_steelers_20_broncos_02/,https://www.reddit.com/r/DenverBroncos/comments/1fn1yo8/post_game_thread_broncos_12_buccaneers_21/,https://www.reddit.com/r/DenverBroncos/comments/1fsdr0j/post_game_thread_22_broncos_22_jets/,https://www.reddit.com/r/DenverBroncos/comments/1fxtr57/post_game_thread_denver_broncos_32_vs_las_vegas/,https://www.reddit.com/r/DenverBroncos/comments/1g32d0p/post_game_thread_san_diego_chargers_of_los/,https://www.reddit.com/r/DenverBroncos/comments/1g68he3/post_game_thread_your_denver_broncos_43_new/,https://www.reddit.com/r/DenverBroncos/comments/1gdoahu/post_game_thread_carolina_panthers_116_denver/,https://www.reddit.com/r/DenverBroncos/comments/1gix1fh/post_game_thread_denver_broncos_54_baltimore/,https://www.reddit.com/r/DenverBroncos/comments/1goalf8/post_game_thread/,https://www.reddit.com/r/DenverBroncos/comments/1gtra2j/post_game_thread_65_atlanta_falcons_65_denver/,https://www.reddit.com/r/DenverBroncos/comments/1gz62bh/post_game_thread_75_denver_broncos_29_las_vegas/,https://www.reddit.com/r/DenverBroncos/comments/1h5fio0/post_game_thread_broncos_beat_the_browns_to/,,https://www.reddit.com/r/DenverBroncos/comments/1hf6txz/post_game_thread_68_baltimore_colts_of/,https://www.reddit.com/r/DenverBroncos/comments/1hibe6i/post_game_thread_damn/,https://www.reddit.com/r/DenverBroncos/comments/1hokai7/post_game_thread/,https://www.reddit.com/r/DenverBroncos/comments/1hul4ry/post_game_thread_your_denver_broncos_are_playoff/,https://www.reddit.com/r/DenverBroncos/comments/1hzwjn7/post_game_thread_7_denver_broncos_2_buffalo_bills/,,,
Detroit Lions,https://www.reddit.com/r/detroitlions/comments/1fcga38/rams_lions_post_game_thread/,https://www.reddit.com/r/detroitlions/comments/1fhlsmg/tampa_bay_vs_detroit_post_game_thread/,https://www.reddit.com/r/detroitlions/comments/1fn7cmr/lions_cardinals_post_game_thread/,https://www.reddit.com/r/detroitlions/comments/1ftel5k/seattle_detroit_post_game_thread/,,https://www.reddit.com/r/detroitlions/comments/1g32y0c/detorit_dallas_post_game_thread/,https://www.reddit.com/r/detroitlions/comments/1g87vg5/lions_vikings_post_game_thread/,https://www.reddit.com/r/detroitlions/comments/1gdjsaz/titans_lions_post_game_thread/,https://www.reddit.com/r/detroitlions/comments/1gix4xd/detroit_green_bay_game_thread/,https://www.reddit.com/r/detroitlions/comments/1goev3m/detroit_lions_houston_texans_820_game_thread/,https://www.reddit.com/r/detroitlions/comments/1gtnl78/jags_lions_post_game_thread/,https://www.reddit.com/r/detroitlions/comments/1gz1clq/lions_colts_post_game_thread/,https://www.reddit.com/r/detroitlions/comments/1h25lzp/bears_lions_post_game_thread/,https://www.reddit.com/r/detroitlions/comments/1h7oh65/green_bay_packers_detroit_lions_game_thread/,https://www.reddit.com/r/detroitlions/comments/1hf76p9/bills_lions_post_game_thread/,https://www.reddit.com/r/detroitlions/comments/1hk7n8q/lions_bears_post_game_thread/,https://www.reddit.com/r/detroitlions/comments/1hq6it3/lions_49ers_post_game_thread/,https://www.reddit.com/r/detroitlions/comments/1huqtiy/vikings_lions_post_game_thread/,,https://www.reddit.com/r/detroitlions/comments/1i4qb58/washington_commanders_detroit_lions_post_game/,,
Green Bay Packers,https://www.reddit.com/r/GreenBayPackers/comments/1fay2k3/week_1_post_game_thread_green_bay_packers/,https://www.reddit.com/r/GreenBayPackers/comments/1fhlhef/week_2_post_game_thread_indianapolis_colts_green/,https://www.reddit.com/r/GreenBayPackers/comments/1fn213y/week_3_post_game_thread_green_bay_packers/,https://www.reddit.com/r/GreenBayPackers/comments/1fse6r2/week_4_post_game_thread_vikings_packers/,https://www.reddit.com/r/GreenBayPackers/comments/1fxtyry/week_5_post_game_thread_green_bay_packers_los/,https://www.reddit.com/r/GreenBayPackers/comments/1g2yi1l/week_6_postgame_thread_cardinals_packers/,https://www.reddit.com/r/GreenBayPackers/comments/1g87lpz/week_7_post_game_thread_texans_packers/,https://www.reddit.com/r/GreenBayPackers/comments/1gdk3xl/week_8_post_game_thread_packers_jaguars/,https://www.reddit.com/r/GreenBayPackers/comments/1gj1m8d/week_9_postgame_thread_detroit_lions_green_bay/,,https://www.reddit.com/r/GreenBayPackers/comments/1gtnik8/week_11_postgame_thread_packers_bears/,https://www.reddit.com/r/GreenBayPackers/comments/1gz60s1/week_12_post_game_thread_49ers_packers/,https://www.reddit.com/r/GreenBayPackers/comments/1h2ds3e/week_13_post_game_thread_miami_dolphins_green_bay/,https://www.reddit.com/r/GreenBayPackers/comments/1h7t4j9/week_14_post_game_thread_green_bay_packers/,https://www.reddit.com/r/GreenBayPackers/comments/1hfb3ab/week_15_post_game_thread_green_bay_packers/,https://www.reddit.com/r/GreenBayPackers/comments/1hl5er1/week_16_postgame_thread_new_orleans_saints_green/,https://www.reddit.com/r/GreenBayPackers/comments/1hpa82w/week_17_postgame_thread_green_bay_packers/,https://www.reddit.com/r/GreenBayPackers/comments/1huhaes/week_18_postgame_thread_bears_packers/,https://www.reddit.com/r/GreenBayPackers/comments/1i01utu/wildcard_post_game_thread_green_bay_packers/,,,
Houston Texans,https://www.reddit.com/r/Texans/comments/1fc6wfi/post_game_thread_houston_texans_at_indianapolis/,https://www.reddit.com/r/Texans/comments/1fhvihw/post_game_thread_chicago_bears_at_houston_texans/,https://www.reddit.com/r/Texans/comments/1fn2cgs/post_game_thread_houston_texans_at_minnesota/,https://www.reddit.com/r/Texans/comments/1fsdm5s/post_game_thread_jacksonville_jaguars_at_houston/,https://www.reddit.com/r/Texans/comments/1fxpopq/post_game_thread_buffalo_bills_at_houston_texans/,https://www.reddit.com/r/Texans/comments/1g2ykq2/post_game_thread_houston_texans_at_new_england/,https://www.reddit.com/r/Texans/comments/1g87lrt/post_game_thread_houston_texans_at_green_bay/,https://www.reddit.com/r/Texans/comments/1gdkay0/post_game_thread_indianapolis_colts_at_houston/,https://www.reddit.com/r/Texans/comments/1ggwmgg/post_game_thread_houston_texans_at_new_york_jets/,https://www.reddit.com/r/Texans/comments/1gok1yw/post_game_thread_detroit_lions_at_houston_texans/,https://www.reddit.com/r/Texans/comments/1gup2m6/post_game_thread_houston_texans_at_dallas_cowboys/,https://www.reddit.com/r/Texans/comments/1gz1qo2/post_game_thread_tennessee_titans_at_houston/,https://www.reddit.com/r/Texans/comments/1h4dwgx/post_game_thread_houston_texans_at_jacksonville/,,https://www.reddit.com/r/Texans/comments/1hf2cm0/post_game_thread_miami_dolphins_at_houston_texans/,https://www.reddit.com/r/Texans/comments/1hjj7iv/post_game_thread_houston_texans_at_kansas_city/,https://www.reddit.com/r/Texans/comments/1hmcug0/post_game_thread_baltimore_ravens_at_houston/,https://www.reddit.com/r/Texans/comments/1huh43b/post_game_thread_houston_texans_at_tennessee/,https://www.reddit.com/r/Texans/comments/1hzauiv/post_game_thread_los_angeles_chargers_at_houston/,https://www.reddit.com/r/Texans/comments/1i4loh0/post_game_thread_houston_texans_at_kansas_city/,,
Indianapolis Colts,https://www.reddit.com/r/Colts/comments/1fc70py/post_game_thread_the_indianapolis_colts_01_slip/,https://www.reddit.com/r/Colts/comments/1fhli6u/post_game_thread_indianapolis_colts_at_green_bay/,https://www.reddit.com/r/Colts/comments/1fn2l5j/post_game_thread_chicago_bears_at_indianapolis/,https://www.reddit.com/r/Colts/comments/1fsdh32/post_game_thread_pittsburgh_steelers_at/,https://www.reddit.com/r/Colts/comments/1fxpkc0/post_game_thread_indianapolis_colts_at/,https://www.reddit.com/r/Colts/comments/1g2yj20/post_game_thread_indianapolis_colts_at_tennessee/,https://www.reddit.com/r/Colts/comments/1g87n5a/post_game_thread_miami_dolphins_at_indianapolis/,https://www.reddit.com/r/Colts/comments/1gdkagz/post_game_thread_indianapolis_colts_at_houston/,https://www.reddit.com/r/Colts/comments/1gj60p2/post_game_thread_indianapolis_colts_at_minnesota/,https://www.reddit.com/r/Colts/comments/1goay8h/post_game_thread_buffalo_bills_at_indianapolis/,https://www.reddit.com/r/Colts/comments/1gtnivl/post_game_thread_indianapolis_colts_at_new_york/,https://www.reddit.com/r/Colts/comments/1gz1b5b/post_game_thread_detroit_lions_at_indianapolis/,https://www.reddit.com/r/Colts/comments/1h4dfqk/post_game_thread_indianapolis_colts_at_new/,,https://www.reddit.com/r/Colts/comments/1hf6vl9/post_game_thread_indianapolis_colts_at_denver/,https://www.reddit.com/r/Colts/comments/1hk7onb/post_game_thread_tennessee_titans_at_indianapolis/,https://www.reddit.com/r/Colts/comments/1hp5xhm/post_game_thread_indianapolis_colts_at_new_york/,https://www.reddit.com/r/Colts/comments/1huhjgl/post_game_thread_jacksonville_jaguars_at/,,,,
Jacksonville Jaguars,https://www.reddit.com/r/Jaguars/comments/1fc6we4/postgame_thread_jacksonville_jaguars_01_at_miami/,https://www.reddit.com/r/Jaguars/comments/1fhm1fa/postgame_thread_cleveland_browns_02_at/,https://www.reddit.com/r/Jaguars/comments/1fs8dxn/game_thread_jacksonville_jaguars_03_at_houston/,https://www.reddit.com/r/Jaguars/comments/1fsdl0h/postgame_thread_jacksonville_jaguars_04_at/,https://www.reddit.com/r/Jaguars/comments/1fxpka7/postgame_thread_indianapolis_colts_23_at/,https://www.reddit.com/r/Jaguars/comments/1g2tb7h/post_game_thread_jacksonville_jaguars_15_at/,https://www.reddit.com/r/Jaguars/comments/1g829zf/postgame_thread_new_england_patriots_16_at/,https://www.reddit.com/r/Jaguars/comments/1gdk301/postgame_thread_green_bay_packers_62_at/,https://www.reddit.com/r/Jaguars/comments/1gj1jwy/postgame_tread_jacksonville_jaguars_27_at/,https://www.reddit.com/r/Jaguars/comments/1goaq4t/postgame_thread_minnesota_vikings_72_at/,https://www.reddit.com/r/Jaguars/comments/1goaq4t/postgame_thread_minnesota_vikings_72_at/,,https://www.reddit.com/r/Jaguars/comments/1h4dv4b/post_game_thread_houston_texans_85_at/,https://www.reddit.com/r/Jaguars/comments/1h9sbdc/postgame_thread_jacksonville_jaguars_310_at/,https://www.reddit.com/r/Jaguars/comments/1hf2kpe/postgame_thread_new_york_jets_410_at_jacksonville/,https://www.reddit.com/r/Jaguars/comments/1hkbsl7/postgame_thread_jacksonville_jaguars_312_at_las/,https://www.reddit.com/r/Jaguars/comments/1hp5g7s/postgame_thread_jacksonville_jaguars_412_vs/,https://www.reddit.com/r/Jaguars/comments/1huhisi/postgame_thread_jacksonville_jaguars_413_at/,,,,
Kansas City Chiefs,https://www.reddit.com/r/KansasCityChiefs/comments/1fa61tj/post_game_thread_baltimore_ravens_at_kansas_city/,https://www.reddit.com/r/KansasCityChiefs/comments/1fhqe4c/post_game_thread_cincinnati_bengals_at_kansas/,https://www.reddit.com/r/KansasCityChiefs/comments/1fnb8a9/post_game_thread_kansas_city_chiefs_at_atlanta/,https://www.reddit.com/r/KansasCityChiefs/comments/1fshmml/post_game_thread_kansas_city_chiefs_at_los/,https://www.reddit.com/r/KansasCityChiefs/comments/1fyqgso/post_game_thread_new_orleans_saints_at_kansas/,,https://www.reddit.com/r/KansasCityChiefs/comments/1g8c4f4/post_game_thread_kansas_city_chiefs_at_san/,https://www.reddit.com/r/KansasCityChiefs/comments/1gdo6xj/post_game_thread_kansas_city_chiefs_at_las_vegas/,https://www.reddit.com/r/KansasCityChiefs/comments/1gjyk42/post_game_thread_tampa_bay_buccaneers_at_kansas/,https://www.reddit.com/r/KansasCityChiefs/comments/1goal3a/post_game_thread_denver_broncos_at_kansas_city/,https://www.reddit.com/r/KansasCityChiefs/comments/1gts378/post_game_thread_kansas_city_chiefs_at_buffalo/,https://www.reddit.com/r/KansasCityChiefs/comments/1gz1r5m/post_game_thread_kansas_city_chiefs_at_carolina/,https://www.reddit.com/r/KansasCityChiefs/comments/1h2yp9z/post_game_thread_las_vegas_raiders_at_kansas_city/,https://www.reddit.com/r/KansasCityChiefs/comments/1ha1jpo/post_game_thread_los_angeles_chargers_at_kansas/,https://www.reddit.com/r/KansasCityChiefs/comments/1hf2i7g/post_game_thread_kansas_city_chiefs_at_cleveland/,https://www.reddit.com/r/KansasCityChiefs/comments/1hjj7uo/post_game_thread_houston_texans_at_kansas_city/,https://www.reddit.com/r/KansasCityChiefs/comments/1hm8v60/post_game_thread_kansas_city_chiefs_at_pittsburgh/,https://www.reddit.com/r/KansasCityChiefs/comments/1huli0d/post_game_thread_kansas_city_chiefs_at_denver/,,https://www.reddit.com/r/KansasCityChiefs/comments/1i4lobv/post_game_thread_houston_texans_at_kansas_city/,https://www.reddit.com/r/KansasCityChiefs/comments/1iaxvqo/post_game_thread_buffalo_bills_at_kansas_city/,https://www.reddit.com/r/KansasCityChiefs/comments/1ilwlkk/post_game_thread_super_bowl_lix_kansas_city/
Las Vegas Raiders,https://www.reddit.com/r/raiders/comments/1fcarbr/post_game_thread_las_vegas_raiders_at_los_angeles/,https://www.reddit.com/r/raiders/comments/1fhm8ot/post_game_thread_las_vegas_raiders_at_baltimore/,https://www.reddit.com/r/raiders/comments/1fn6k7s/post_game_thread_carolina_panthers_at_las_vegas/,https://www.reddit.com/r/raiders/comments/1fshklk/post_game_thread_cleveland_browns_at_las_vegas/,https://www.reddit.com/r/raiders/comments/1fxtqpa/post_game_thread_las_vegas_raiders_at_denver/,https://www.reddit.com/r/raiders/comments/1g32bc5/post_game_thread_pittsburgh_steelers_at_las_vegas/,https://www.reddit.com/r/raiders/comments/1g8bs2b/post_game_thread_las_vegas_raiders_at_los_angeles/,https://www.reddit.com/r/raiders/comments/1gdo6qh/post_game_thread_kansas_city_chiefs_at_las_vegas/,https://www.reddit.com/r/raiders/comments/1gixgnl/post_game_thread_las_vegas_raiders_at_cincinnati/,,https://www.reddit.com/r/raiders/comments/1gtnma7/post_game_thread_las_vegas_raiders_at_miami/,https://www.reddit.com/r/raiders/comments/1gz60l8/post_game_thread_denver_broncos_at_las_vegas/,https://www.reddit.com/r/raiders/comments/1h2yp0i/post_game_thread_las_vegas_raiders_at_kansas_city/,https://www.reddit.com/r/raiders/comments/1h9srss/post_game_thread_las_vegas_raiders_at_tampa_bay/,https://www.reddit.com/r/raiders/comments/1hg2oj3/post_game_thread_atlanta_falcons_at_las_vegas/,https://www.reddit.com/r/raiders/comments/1hkbuo2/post_game_thread_jacksonville_jaguars_at_las/,https://www.reddit.com/r/raiders/comments/1hp61po/post_game_thread_las_vegas_raiders_at_new_orleans/,https://www.reddit.com/r/raiders/comments/1hult5x/post_game_thread_los_angeles_chargers_at_las/,,,,
Los Angeles Chargers,https://www.reddit.com/r/Chargers/comments/1fcarf7/post_game_thread_las_vegas_raiders_at_los_angeles/,https://www.reddit.com/r/Chargers/comments/1fhlfgc/post_game_thread_los_angeles_chargers_at_carolina/,https://www.reddit.com/r/Chargers/comments/1fn1roj/post_game_thread_los_angeles_chargers_at/,https://www.reddit.com/r/Chargers/comments/1fshm3e/post_game_thread_kansas_city_chiefs_at_los/,,https://www.reddit.com/r/Chargers/comments/1g32ch9/post_game_thread_los_angeles_chargers_at_denver/,https://www.reddit.com/r/Chargers/comments/1g9953x/post_game_thread_los_angeles_chargers_at_arizona/,https://www.reddit.com/r/Chargers/comments/1gdo5r7/post_game_thread_new_orleans_saints_at_los/,https://www.reddit.com/r/Chargers/comments/1gix6jt/post_game_thread_los_angeles_chargers_at/,https://www.reddit.com/r/Chargers/comments/1goekxc/post_game_thread_tennessee_titans_at_los_angeles/,https://www.reddit.com/r/Chargers/comments/1gtx315/post_game_thread_cincinnati_bengals_at_los/,https://www.reddit.com/r/Chargers/comments/1h03ap0/post_game_thread_baltimore_ravens_at_los_angeles/,https://www.reddit.com/r/Chargers/comments/1h4d37y/post_game_thread_los_angeles_chargers_at_atlanta/,https://www.reddit.com/r/Chargers/comments/1ha1jf7/post_game_thread_los_angeles_chargers_at_kansas/,https://www.reddit.com/r/Chargers/comments/1hf6nhy/post_game_thread_tampa_bay_buccaneers_at_los/,https://www.reddit.com/r/Chargers/comments/1hibpy2/post_game_thread_denver_broncos_at_los_angeles/,https://www.reddit.com/r/Chargers/comments/1hof7fy/post_game_thread_los_angeles_chargers_at_new/,https://www.reddit.com/r/Chargers/comments/1hultdb/post_game_thread_los_angeles_chargers_at_las/,https://www.reddit.com/r/Chargers/comments/1hzau6q/post_game_thread_los_angeles_chargers_at_houston/,,,
Los Angeles Rams,https://www.reddit.com/r/LosAngelesRams/comments/1fcgagf/post_game_thread_los_angeles_rams_at_detroit_lions/,https://www.reddit.com/r/LosAngelesRams/comments/1fhpgqj/post_game_thread_los_angeles_rams_at_arizona/,https://www.reddit.com/r/LosAngelesRams/comments/1fn6tqi/post_game_thread_san_francisco_49ers_at_los/,https://www.reddit.com/r/LosAngelesRams/comments/1fsd87k/post_game_thread_los_angeles_rams_at_chicago_bears/,https://www.reddit.com/r/LosAngelesRams/comments/1fxtz5e/post_game_thread_green_bay_packers_at_los_angeles/,,https://www.reddit.com/r/LosAngelesRams/comments/1g8brzl/post_game_thread_las_vegas_raiders_at_los_angeles/,https://www.reddit.com/r/LosAngelesRams/comments/1gbkq4f/post_game_thread_minnesota_vikings_at_los_angeles/,https://www.reddit.com/r/LosAngelesRams/comments/1gj2di8/post_game_thread_los_angeles_rams_at_seattle/,https://www.reddit.com/r/LosAngelesRams/comments/1gpc7ow/post_game_thread_miami_dolphins_at_los_angeles/,https://www.reddit.com/r/LosAngelesRams/comments/1gtno86/post_game_thread_los_angeles_rams_at_new_england/,https://www.reddit.com/r/LosAngelesRams/comments/1gzasem/post_game_thread_philadelphia_eagles_at_los/,https://www.reddit.com/r/LosAngelesRams/comments/1h4hgov/post_game_thread_los_angeles_rams_at_new_orleans/,https://www.reddit.com/r/LosAngelesRams/comments/1h9xckp/post_game_thread_buffalo_bills_at_los_angeles_rams/,https://www.reddit.com/r/LosAngelesRams/comments/1hd3xza/post_game_thread_los_angeles_rams_at_san/,https://www.reddit.com/r/LosAngelesRams/comments/1hk7g2s/post_game_thread_los_angeles_rams_at_new_york_jets/,https://www.reddit.com/r/LosAngelesRams/comments/1hontbz/post_game_thread_arizona_cardinals_at_los_angeles/,https://www.reddit.com/r/LosAngelesRams/comments/1hult2g/post_game_thread_seattle_seahawks_at_los_angeles/,https://www.reddit.com/r/LosAngelesRams/comments/1i0xuue/post_game_thread_minnesota_vikings_at_los_angeles/,https://www.reddit.com/r/LosAngelesRams/comments/1i5bzzj/post_game_thread_los_angeles_rams_at_philadelphia/,,
Miami Dolphins,https://www.reddit.com/r/miamidolphins/comments/1fbv6mx/home_week_1_game_thread_jacksonville_jaguars_at/,https://www.reddit.com/r/miamidolphins/comments/1ffkyp6/post_game_thread_bills_defeat_dolphins_3110/,https://www.reddit.com/r/miamidolphins/comments/1fn6fsk/post_game_thread_the_miami_dolphins_12_lose_to/,https://www.reddit.com/r/miamidolphins/comments/1ftdrho/post_game_thread_titans_defeat_dolphins_2712/,https://www.reddit.com/r/miamidolphins/comments/1fxpqoj/post_game_thread_miami_dolphins_beat_the_new/,,https://www.reddit.com/r/miamidolphins/comments/1g7w6ak/away_week_7_game_thread_miami_dolphins_at/,https://www.reddit.com/r/miamidolphins/comments/1gd8gmk/home_week_8_game_thread_arizona_cardinals_at/,https://www.reddit.com/r/miamidolphins/comments/1gil9qk/away_week_9_game_thread_miami_dolphins_at_buffalo/,https://www.reddit.com/r/miamidolphins/comments/1goqlrg/away_week_10_game_thread_miami_dolphins_at_los/,https://www.reddit.com/r/miamidolphins/comments/1gtc2z5/home_week_11_game_thread_las_vegas_raiders_at/,https://www.reddit.com/r/miamidolphins/comments/1gypfrt/home_week_12_game_thread_new_england_patriots_at/,https://www.reddit.com/r/miamidolphins/comments/1h1ug1o/away_week_13_game_thread_miami_dolphins_at_green/,https://www.reddit.com/r/miamidolphins/comments/1h9wodg/post_game_thread_miami_dolphins_32_new_york_jets/,https://www.reddit.com/r/miamidolphins/comments/1her6va/away_week_15_game_thread_miami_dolphins_at/,https://www.reddit.com/r/miamidolphins/comments/1hjx695/home_week_16_game_thread_san_francisco_49ers_at/,https://www.reddit.com/r/miamidolphins/comments/1hounmq/away_week_17_game_thread_miami_dolphins_at/,https://www.reddit.com/r/miamidolphins/comments/1htcz3t/away_week_18_game_thread_miami_dolphins_at_new/,,,,
Minnesota Vikings,https://www.reddit.com/r/minnesotavikings/comments/1fc6nh7/week_1_recap_thread_the_vikings_10_defeat_the/,https://www.reddit.com/r/minnesotavikings/comments/1fhlokc/week_2_recap_thread_the_vikings_20_defeat_the/,https://www.reddit.com/r/minnesotavikings/comments/1fn2b1u/week_3_recap_thread_the_vikings_30_defeat_the/,https://www.reddit.com/r/minnesotavikings/comments/1fsdyau/week_4_recap_thread_the_vikings_40_defeat_the/,https://www.reddit.com/r/minnesotavikings/comments/1fxl0e7/week_5_recap_thread_the_vikings_50_defeat_the/,,https://www.reddit.com/r/minnesotavikings/comments/1g81wo1/gamethread_week_7_vikings_vs_lions/,https://www.reddit.com/r/minnesotavikings/comments/1gbkobn/week_8_recap_thread_the_vikings_52_lose_to_the/,https://www.reddit.com/r/minnesotavikings/comments/1gj5zns/week_9_recap_thread_the_vikings_62_defeat_the/,https://www.reddit.com/r/minnesotavikings/comments/1goauk5/week_10_recap_thread_the_vikings_72_defeat_the/,https://www.reddit.com/r/minnesotavikings/comments/1gtnt6q/week_11_recap_thread_the_vikings_82_defeat_the/,https://www.reddit.com/r/minnesotavikings/comments/1gz2aiv/week_12_recap_thread_the_vikings_92_defeat_the/,https://www.reddit.com/r/minnesotavikings/comments/1h4dhhz/week_13_recap_thread_the_vikings_102_defeat_the/,https://www.reddit.com/r/minnesotavikings/comments/1h9suzb/week_14_recap_thread_the_vikings_112_defeat_the/,https://www.reddit.com/r/minnesotavikings/comments/1hg2h79/week_15_recap_thread_the_vikings_122_defeat_the/,https://www.reddit.com/r/minnesotavikings/comments/1hkbhcq/week_16_recap_thread_the_vikings_132_defeat_the/,https://www.reddit.com/r/minnesotavikings/comments/1hpa8ag/week_17_recap_thread_the_vikings_142_defeat_the/,https://www.reddit.com/r/minnesotavikings/comments/1huqsea/week_18_recap_thread_the_vikings_143_lose_to_the/,https://www.reddit.com/r/minnesotavikings/comments/1i0xu9p/wild_card_recap_thread_the_vikings_143_lose_to/,,,
New England Patriots,https://www.reddit.com/r/Patriots/comments/1fc6smc/post_game_thread_the_new_england_patriots_beat/,https://www.reddit.com/r/Patriots/comments/1fhm3jl/official_week_2_patriots_vs_seahawks_post_game/,https://www.reddit.com/r/Patriots/comments/1fl2m3v/official_post_game_thread_the_new_york_jets_beat/,https://www.reddit.com/r/Patriots/comments/1fshjk6/official_post_game_thread_the_new_england/,https://www.reddit.com/r/Patriots/comments/1fxpnsr/official_week_5_new_england_patriots_vs_miami/,https://www.reddit.com/r/Patriots/comments/1g2ymyq/official_post_game_thread_the_houston_texans_beat/,https://www.reddit.com/r/Patriots/comments/1g82gyq/official_post_game_thread_the_patriots_lose_to/,https://www.reddit.com/r/Patriots/comments/1gdk17h/the_new_england_patriots_beat_the_new_york_jets/,https://www.reddit.com/r/Patriots/comments/1gixmnt/official_post_game_thread_the_patriots_lose_to/,https://www.reddit.com/r/Patriots/comments/1goartr/official_post_game_thread_the_patriots_37_beat/,https://www.reddit.com/r/Patriots/comments/1gtnn3g/official_post_game_thread_the_pats_lose_to_the/,https://www.reddit.com/r/Patriots/comments/1gz1qeb/official_patriots_v_dolphins_post_game_tread/,,,https://www.reddit.com/r/Patriots/comments/1hf6d49/official_week_15_post_game_thread/,https://www.reddit.com/r/Patriots/comments/1hkbyvh/week_16_post_game_thread_the_patriots_lost_to_the/,https://www.reddit.com/r/Patriots/comments/1hof7rq/official_week_17_post_game_thread_the_patriots/,https://www.reddit.com/r/Patriots/comments/1huh9mp/official_week_18_post_game_thread_the_patriots/,,,,
New Orleans Saints,https://www.reddit.com/r/Saints/comments/1fc7m18/week_1_postgame_thread_panthers_saints/,https://www.reddit.com/r/Saints/comments/1fhlkl8/week_2_postgame_thread_saints_cowboys/,https://www.reddit.com/r/Saints/comments/1fn2ax2/week_3_postgame_thread_eagles_saints/,https://www.reddit.com/r/Saints/comments/1fsdhpw/week_4_postgame_thread_saints_falcons/,https://www.reddit.com/r/Saints/comments/1fyqh8w/week_5_postgame_thread_saints_chiefs/,https://www.reddit.com/r/Saints/comments/1g2z25a/week_6_postgame_thread_buccaneers_saints/,https://www.reddit.com/r/Saints/comments/1g68ts1/week_7_postgame_thread_broncos_saints/,https://www.reddit.com/r/Saints/comments/1gdo8bq/week_8_postgame_thread_saints_chargers/,https://www.reddit.com/r/Saints/comments/1giyq1m/week_9_postgame_thread_saints_panthers/,https://www.reddit.com/r/Saints/comments/1goawdb/week_10_postgame_thread_falcons_saints/,https://www.reddit.com/r/Saints/comments/1gtnmkn/week_11_postgame_thread_browns_saints/,,https://www.reddit.com/r/Saints/comments/1h4hit3/week_13_postgame_thread_rams_saints/,https://www.reddit.com/r/Saints/comments/1h9t1b6/week_14_postgame_thread_saints_giants/,https://www.reddit.com/r/Saints/comments/1hf2lbi/week_15_postgame_thread_saints_commanders/,https://www.reddit.com/r/Saints/comments/1hl5frx/week_16_postgame_thread_saints_packers/,https://www.reddit.com/r/Saints/comments/1hp63dc/week_17_postgame_thread_raiders_saints/,https://www.reddit.com/r/Saints/comments/1huhmdj/week_18_postgame_thread_saints_buccaneers/,,,,
New York Giants,https://www.reddit.com/r/NYGiants/comments/1fc6px1/post_game_thread_minnesota_vikings_at_new_york/,https://www.reddit.com/r/NYGiants/comments/1fhlwhf/post_game_thread_new_york_giants_at_washington/,https://www.reddit.com/r/NYGiants/comments/1fn2dah/post_game_thread_new_york_giants_at_cleveland/,https://www.reddit.com/r/NYGiants/comments/1fqeilp/post_game_thread_dallas_cowboys_at_new_york_giants/,https://www.reddit.com/r/NYGiants/comments/1fxtvl5/post_game_thread_new_york_giants_at_seattle/,https://www.reddit.com/r/NYGiants/comments/1g36uid/post_game_thread_cincinnati_bengals_at_new_york/,https://www.reddit.com/r/NYGiants/comments/1g87n65/post_game_thread_philadelphia_eagles_at_new_york/,https://www.reddit.com/r/NYGiants/comments/1gele17/post_game_thread_new_york_giants_at_pittsburgh/,https://www.reddit.com/r/NYGiants/comments/1giwxnb/post_game_thread_washington_commanders_at_new/,https://www.reddit.com/r/NYGiants/comments/1go6b5t/post_game_thread_new_york_giants_at_carolina/,,https://www.reddit.com/r/NYGiants/comments/1gz18cs/post_game_thread_tampa_bay_buccaneers_at_new_york/,https://www.reddit.com/r/NYGiants/comments/1h2aam5/post_game_thread_new_york_giants_at_dallas_cowboys/,https://www.reddit.com/r/NYGiants/comments/1h9t6my/post_game_thread_new_orleans_saints_at_new_york/,https://www.reddit.com/r/NYGiants/comments/1hf29ad/post_game_thread_baltimore_ravens_at_new_york/,https://www.reddit.com/r/NYGiants/comments/1hk7l1l/post_game_thread_new_york_giants_at_atlanta/,https://www.reddit.com/r/NYGiants/comments/1hp5xnh/post_game_thread_indianapolis_colts_at_new_york/,https://www.reddit.com/r/NYGiants/comments/1huh3od/post_game_thread_new_york_giants_at_philadelphia/,,,,
New York Jets,https://www.reddit.com/r/nyjets/comments/1fd874n/post_game_thread_new_york_jets_at_san_francisco/,https://www.reddit.com/r/nyjets/comments/1fhlsy8/post_game_thread_new_york_jets_at_tennessee_titans/,https://www.reddit.com/r/nyjets/comments/1fl2lgf/post_game_thread_new_england_patriots_at_new_york/,https://www.reddit.com/r/nyjets/comments/1fsdq9g/post_game_thread_denver_broncos_at_new_york_jets/,https://www.reddit.com/r/nyjets/comments/1fxl0wi/post_game_thread_new_york_jets_at_minnesota/,https://www.reddit.com/r/nyjets/comments/1g3yo2r/post_game_thread_buffalo_bills_at_new_york_jets/,https://www.reddit.com/r/nyjets/comments/1g8gq6f/post_game_thread_new_york_jets_at_pittsburgh/,https://www.reddit.com/r/nyjets/comments/1gdjzvr/post_game_thread_new_york_jets_at_new_england/,https://www.reddit.com/r/nyjets/comments/1ggwm3q/post_game_thread_houston_texans_at_new_york_jets/,https://www.reddit.com/r/nyjets/comments/1gof0jb/post_game_thread_new_york_jets_at_arizona/,https://www.reddit.com/r/nyjets/comments/1gtniw3/post_game_thread_indianapolis_colts_at_new_york/,,https://www.reddit.com/r/nyjets/comments/1h4dmba/post_game_thread_seattle_seahawks_at_new_york_jets/,https://www.reddit.com/r/nyjets/comments/1h9tczq/post_game_thread_new_york_jets_at_miami_dolphins/,https://www.reddit.com/r/nyjets/comments/1hf2n06/post_game_thread_new_york_jets_at_jacksonville/,https://www.reddit.com/r/nyjets/comments/1hk7fi3/post_game_thread_los_angeles_rams_at_new_york_jets/,https://www.reddit.com/r/nyjets/comments/1hp61pl/post_game_thread_new_york_jets_at_buffalo_bills/,https://www.reddit.com/r/nyjets/comments/1hum933/post_game_thread_miami_dolphins_at_new_york_jets/,,,,
Philadelphia Eagles,https://www.reddit.com/r/eagles/comments/1fay5qq/post_game_thread_week_1_the_eagles_defeated_the/,https://www.reddit.com/r/eagles/comments/1fioi6e/post_game_thread_week_2_the_eagles_fell_to_the/,https://www.reddit.com/r/eagles/comments/1fn2d1i/post_game_thread_week_3_the_eagles_defeated_the/,https://www.reddit.com/r/eagles/comments/1fsdf7q/post_game_thread_week_4_the_eagles_fell_to_the/,,https://www.reddit.com/r/eagles/comments/1g2yckj/post_game_thread_week_6_the_eagles_defeated_the/,https://www.reddit.com/r/eagles/comments/1g87qf9/post_game_thread_week_7_the_eagles_defeated_the/,https://www.reddit.com/r/eagles/comments/1gdjr9u/post_game_thread_week_8_the_eagles_defeated_the/,https://www.reddit.com/r/eagles/comments/1gj1nws/post_game_thread_week_9_the_eagles_defeated_the/,https://www.reddit.com/r/eagles/comments/1gofe4n/post_game_thread_week_10_the_eagles_defeated_the/,https://www.reddit.com/r/eagles/comments/1gro6ml/post_game_thread_week_11_the_eagles_defeated_the/,https://www.reddit.com/r/eagles/comments/1gzau6w/post_game_thread_week_12_the_eagles_defeated_the/,https://www.reddit.com/r/eagles/comments/1h4i81l/post_game_thread_week_13_the_eagles_defeated_the/,https://www.reddit.com/r/eagles/comments/1h9sqcp/post_game_thread_week_14_the_eagles_defeated_the/,https://www.reddit.com/r/eagles/comments/1hf6suy/post_game_thread_week_15_the_eagles_defeated_the/,https://www.reddit.com/r/eagles/comments/1hk871u/post_game_thread_week_16_the_eagles_fell_to_the/,https://www.reddit.com/r/eagles/comments/1hp5vwz/post_game_thread_week_17_the_eagles_defeated_the/,https://www.reddit.com/r/eagles/comments/1huh6v0/post_game_thread_week_18_the_eagles_defeated_the/,https://www.reddit.com/r/eagles/comments/1i01ybu/post_game_thread_wild_card_game_the_eagles/,https://www.reddit.com/r/eagles/comments/1i5c2sx/post_game_thread_divisional_playoff_game_the/,https://www.reddit.com/r/eagles/comments/1iatuhx/post_game_thread_nfc_championship_game_the_eagles/,https://www.reddit.com/r/eagles/comments/1ilwnz0/post_game_thread_super_bowl_champions_the_eagles/
Pittsburgh Steelers,https://www.reddit.com/r/steelers/comments/1fc6rxl/post_game_thread_pittsburgh_steelers_at_atlanta/,https://www.reddit.com/r/steelers/comments/1fhqbo3/post_game_thread_pittsburgh_steelers_at_denver/,https://www.reddit.com/r/steelers/comments/1fn1s33/post_game_thread_los_angeles_chargers_at/,https://www.reddit.com/r/steelers/comments/1fsdgxi/post_game_thread_pittsburgh_steelers_at/,https://www.reddit.com/r/steelers/comments/1fxzz3i/post_game_thread_dallas_cowboys_at_pittsburgh/,https://www.reddit.com/r/steelers/comments/1g32bbk/post_game_thread_pittsburgh_steelers_at_las_vegas/,https://www.reddit.com/r/steelers/comments/1g8gpqw/post_game_thread_new_york_jets_at_pittsburgh/,https://www.reddit.com/r/steelers/comments/1geldkn/post_game_thread_new_york_giants_at_pittsburgh/,,https://www.reddit.com/r/steelers/comments/1gobc2f/post_game_thread_pittsburgh_steelers_at/,https://www.reddit.com/r/steelers/comments/1gto21f/post_game_thread_baltimore_ravens_at_pittsburgh/,https://www.reddit.com/r/steelers/comments/1gwzgba/post_game_thread_pittsburgh_steelers_at_cleveland/,https://www.reddit.com/r/steelers/comments/1h4dyq8/post_game_thread_pittsburgh_steelers_at/,https://www.reddit.com/r/steelers/comments/1h9t0k9/post_game_thread_cleveland_browns_at_pittsburgh/,https://www.reddit.com/r/steelers/comments/1hf6qqh/post_game_thread_pittsburgh_steelers_at/,https://www.reddit.com/r/steelers/comments/1hjn57j/post_game_thread_pittsburgh_steelers_at_baltimore/,https://www.reddit.com/r/steelers/comments/1hm8v6d/post_game_thread_kansas_city_chiefs_at_pittsburgh/,https://www.reddit.com/r/steelers/comments/1htx8xu/post_game_thread_cincinnati_bengals_at_pittsburgh/,https://www.reddit.com/r/steelers/comments/1hzean6/post_game_thread_pittsburgh_steelers_at_baltimore/,,,
San Francisco 49ers,https://www.reddit.com/r/49ers/comments/1fd87a4/post_game_thread_new_york_jets_at_san_francisco/,https://www.reddit.com/r/49ers/comments/1fhlqdf/post_game_thread_san_francisco_49ers_at_minnesota/,https://www.reddit.com/r/49ers/comments/1fn6tgk/post_game_thread_san_francisco_49ers_at_los/,https://www.reddit.com/r/49ers/comments/1fshktb/post_game_thread_new_england_patriots_at_san/,https://www.reddit.com/r/49ers/comments/1fxtjkr/post_game_thread_arizona_cardinals_at_san/,https://www.reddit.com/r/49ers/comments/1g10qkh/post_game_thread_san_francisco_49ers_at_seattle/,https://www.reddit.com/r/49ers/comments/1g8c46o/post_game_thread_kansas_city_chiefs_at_san/,https://www.reddit.com/r/49ers/comments/1gdt2lj/post_game_thread_dallas_cowboys_at_san_francisco/,,https://www.reddit.com/r/49ers/comments/1goar2o/post_game_thread_san_francisco_49ers_at_tampa_bay/,https://www.reddit.com/r/49ers/comments/1gtrnon/post_game_thread_seattle_seahawks_at_san/,https://www.reddit.com/r/49ers/comments/1gz60j5/post_game_thread_san_francisco_49ers_at_green_bay/,https://www.reddit.com/r/49ers/comments/1h4mfo5/post_game_thread_san_francisco_49ers_at_buffalo/,https://www.reddit.com/r/49ers/comments/1h9wzri/post_game_thread_chicago_bears_at_san_francisco/,https://www.reddit.com/r/49ers/comments/1hd3y1b/post_game_thread_los_angeles_rams_at_san/,https://www.reddit.com/r/49ers/comments/1hkbwo1/post_game_thread_san_francisco_49ers_at_miami/,https://www.reddit.com/r/49ers/comments/1hq6ivf/post_game_thread_detroit_lions_at_san_francisco/,https://www.reddit.com/r/49ers/comments/1hum86l/post_game_thread_san_francisco_49ers_at_arizona/,,,,
Seattle Seahawks,https://www.reddit.com/r/Seahawks/comments/1fcbad9/post_game_thread_denver_broncos_at_seattle/,https://www.reddit.com/r/Seahawks/comments/1fhm1rf/post_game_thread_seattle_seahawks_at_new_england/,https://www.reddit.com/r/Seahawks/comments/1fn6euq/post_game_thread_miami_dolphins_at_seattle/,https://www.reddit.com/r/Seahawks/comments/1fteln7/post_game_thread_seattle_seahawks_at_detroit_lions/,https://www.reddit.com/r/Seahawks/comments/1fxtvyn/post_game_thread_new_york_giants_at_seattle/,https://www.reddit.com/r/Seahawks/comments/1g10qkl/post_game_thread_san_francisco_49ers_at_seattle/,https://www.reddit.com/r/Seahawks/comments/1g87jnz/post_game_thread_seattle_seahawks_at_atlanta/,https://www.reddit.com/r/Seahawks/comments/1gdnua4/post_game_thread_buffalo_bills_at_seattle_seahawks/,https://www.reddit.com/r/Seahawks/comments/1gj2e7g/post_game_thread_los_angeles_rams_at_seattle/,,https://www.reddit.com/r/Seahawks/comments/1gtrnol/post_game_thread_seattle_seahawks_at_san/,https://www.reddit.com/r/Seahawks/comments/1gz5xgb/post_game_thread_arizona_cardinals_at_seattle/,https://www.reddit.com/r/Seahawks/comments/1h4dmy2/post_game_thread_seattle_seahawks_at_new_york_jets/,https://www.reddit.com/r/Seahawks/comments/1h9wqob/post_game_thread_seattle_seahawks_at_arizona/,https://www.reddit.com/r/Seahawks/comments/1hfb2jb/post_game_thread_green_bay_packers_at_seattle/,https://www.reddit.com/r/Seahawks/comments/1hkbhqy/post_game_thread_minnesota_vikings_at_seattle/,https://www.reddit.com/r/Seahawks/comments/1hn6c3k/post_game_thread_seattle_seahawks_at_chicago_bears/,https://www.reddit.com/r/Seahawks/comments/1hult2a/post_game_thread_seattle_seahawks_at_los_angeles/,,,,
Tampa Bay Buccaneers,https://www.reddit.com/r/buccaneers/comments/1fcbffs/post_game_thread_buccaneers_vs_commanders_week_1/,https://www.reddit.com/r/buccaneers/comments/1fhlt9v/post_game_thread_buccaneers_at_lions_week_2_2024/,https://www.reddit.com/r/buccaneers/comments/1fn1vdo/postgame_thread_bad_things_happened/,https://www.reddit.com/r/buccaneers/comments/1fsdchw/post_game_thread_bucs_vs_eagles_the_one_where_we/,https://www.reddit.com/r/buccaneers/comments/1fvq314/post_game_thread_bucs_falcons_week_5_2024_the_one/,https://www.reddit.com/r/buccaneers/comments/1g2z1vn/post_game_thread_the_tampa_bay_buccaneers_the_new/,https://www.reddit.com/r/buccaneers/comments/1g98qso/post_game_thread_bucs_vs_ravens_week_7_2024/,https://www.reddit.com/r/buccaneers/comments/1gdjxe9/post_game_thread_tampa_bay_buccaneers_vs_atlanta/,https://www.reddit.com/r/buccaneers/comments/1gjyj8b/post_game_thread_bucs_chiefs_week_9_2024/,https://www.reddit.com/r/buccaneers/comments/1goart8/post_game_thread_bucs_vs_49ers_week_10_2024/,,https://www.reddit.com/r/buccaneers/comments/1gz18ig/post_game_thread_bucs_giants_week_12_2024/,https://www.reddit.com/r/buccaneers/comments/1h4iglz/post_game_thread_bucs_panthers_week_13_2024_by/,https://www.reddit.com/r/buccaneers/comments/1h9ssj2/post_game_thread_bucs_vs_raiders_week_14_2024_the/,https://www.reddit.com/r/buccaneers/comments/1hf6czc/post_game_thread_bucs_broncos_week_15_2024/,https://www.reddit.com/r/buccaneers/comments/1hkg793/post_game_thread_bucs_cowboys_week_16_2024_what/,https://www.reddit.com/r/buccaneers/comments/1hp5mlt/post_game_thread_bucs_vs_panthers_week_17_2024/,https://www.reddit.com/r/buccaneers/comments/1hub3w6/game_thread_bucs_vs_saints_week_18_2024_win_and/,https://www.reddit.com/r/buccaneers/comments/1i05mr4/post_game_thread_bucs_vs_washington_wildcard/,,,
Tennessee Titans,https://www.reddit.com/r/Tennesseetitans/comments/1fc6tcx/week_1_post_game_thread_tennessee_titans_01/,https://www.reddit.com/r/Tennesseetitans/comments/1fhlsxp/week_2_post_game_thread_tennessee_titans_02_vs/,https://www.reddit.com/r/Tennesseetitans/comments/1fn26fl/post_game_thread_green_bay_packers_21_at/,https://www.reddit.com/r/Tennesseetitans/comments/1ftdvif/week_4_post_game_thread_tennessee_titans_13_miami/,,https://www.reddit.com/r/Tennesseetitans/comments/1g2yjsl/week_6_post_game_thread_indianapolis_colts_33/,https://www.reddit.com/r/Tennesseetitans/comments/1g87uw1/week_7_post_game_thread_tennessee_titans_15/,https://www.reddit.com/r/Tennesseetitans/comments/1gdjq28/week_9_post_game_thread_tennessee_titans_16/,https://www.reddit.com/r/Tennesseetitans/comments/1gixw9p/mods_drunk_again_week_9_postgame_thread_new/,https://www.reddit.com/r/Tennesseetitans/comments/1goe7ok/week_10_post_game_thread_tennessee_titans_27_los/,https://www.reddit.com/r/Tennesseetitans/comments/1gtnr2j/week_11_post_game_thread_minnesota_vikings_82/,https://www.reddit.com/r/Tennesseetitans/comments/1gz1m6z/week_12_post_game_thread_tennessee_titans_38/,https://www.reddit.com/r/Tennesseetitans/comments/1h4dpy9/week_13_post_game_thread_tennessee_titans_39/,https://www.reddit.com/r/Tennesseetitans/comments/1h9sck7/week_14_post_game_thread_jacksonville_jaguars_310/,https://www.reddit.com/r/Tennesseetitans/comments/1hf2k82/week_15_post_game_thread_cincinnati_bengals_68/,https://www.reddit.com/r/Tennesseetitans/comments/1hk7sdq/week_16_post_game_thread_tennessee_titans_312/,https://www.reddit.com/r/Tennesseetitans/comments/1hp5hjh/week_17_post_game_thread_tennessee_titans_313/,https://www.reddit.com/r/Tennesseetitans/comments/1huh561/week_18_post_game_thread_houston_texans_107/,,,,
Washington Commanders,https://www.reddit.com/r/Commanders/comments/1fcbg28/post_game_thread_washington_commanders_at_tampa/,https://www.reddit.com/r/Commanders/comments/1fhlwfk/post_game_thread_new_york_giants_at_washington/,https://www.reddit.com/r/Commanders/comments/1fo2ssp/post_game_thread_washington_commanders_at/,https://www.reddit.com/r/Commanders/comments/1fsh3o1/post_game_thread_washington_commanders_at_arizona/,https://www.reddit.com/r/Commanders/comments/1fxppep/post_game_thread_cleveland_browns_at_washington/,https://www.reddit.com/r/Commanders/comments/1g2yfwh/post_game_thread_washington_commanders_at/,https://www.reddit.com/r/Commanders/comments/1g8b8cp/post_game_thread_carolina_panthers_at_washington/,https://www.reddit.com/r/Commanders/comments/1gdoip9/post_game_thread_chicago_bears_at_washington/,https://www.reddit.com/r/Commanders/comments/1giwxnx/post_game_thread_washington_commanders_at_new/,https://www.reddit.com/r/Commanders/comments/1gobc2d/post_game_thread_pittsburgh_steelers_at/,https://www.reddit.com/r/Commanders/comments/1gro49r/post_game_thread_washington_commanders_at/,https://www.reddit.com/r/Commanders/comments/1gz22ov/post_game_thread_dallas_cowboys_at_washington/,https://www.reddit.com/r/Commanders/comments/1h4dstc/post_game_thread_tennessee_titans_at_washington/,,https://www.reddit.com/r/Commanders/comments/1hf2hen/post_game_thread_washington_commanders_at_new/,https://www.reddit.com/r/Commanders/comments/1hk83wb/post_game_thread_philadelphia_eagles_at/,https://www.reddit.com/r/Commanders/comments/1hpf6ad/post_game_thread_atlanta_falcons_at_washington/,https://www.reddit.com/r/Commanders/comments/1huhd28/post_game_thread_washington_commanders_at_dallas/,https://www.reddit.com/r/Commanders/comments/1i05lsa/post_game_thread_washington_commanders_at_tampa/,https://www.reddit.com/r/Commanders/comments/1i4q74r/post_game_thread_washington_commanders_at_detroit/,https://www.reddit.com/r/Commanders/comments/1iatrv4/post_game_thread_washington_commanders_at/,